Tagtune,icq.com
Twitterbridge,chron.com
Kazu,github.com
Buzzster,howstuffworks.com
Jaxbean,google.pl
Feedfire,histats.com
Shufflester,hhs.gov
Skyba,cafepress.com
Shufflebeat,disqus.com
Eayo,oaic.gov.au
Bubblebox,narod.ru
Gabvine,fastcompany.com
Flashset,naver.com
Jamia,stanford.edu
Roomm,facebook.com
Realfire,cocolog-nifty.com
Aimbo,instagram.com
Vipe,jalbum.net
Riffpedia,merriam-webster.com
Tanoodle,alibaba.com
Cogilith,dmoz.org
Roodel,nationalgeographic.com
Buzzshare,nifty.com
Yakitri,ebay.com
Thoughtstorm,bloomberg.com
Oyope,about.me
Brainbox,si.edu
Yambee,elegantthemes.com
Yata,1688.com
Thoughtbridge,jalbum.net
Innojam,blogger.com
Skiba,github.io
Babbleblab,nsw.gov.au
Feednation,weibo.com
Vinte,blogs.com
Tagpad,ihg.com
Oyoloo,webs.com
Devbug,acquirethisname.com
Trudeo,hc360.com
Dablist,squidoo.com
Blogtags,ebay.com
Feedfish,springer.com
Gabcube,samsung.com
Gevee,diigo.com
Thoughtsphere,illinois.edu
Rhynyx,twitter.com
Centidel,usda.gov
Yambee,tripadvisor.com
Mycat,ucoz.ru
Zoombox,nytimes.com
Oyoba,amazon.de
Jabberbean,mtv.com
Lazz,nasa.gov
Oyoba,cpanel.net
Voonix,utexas.edu
Dablist,howstuffworks.com
Agimba,umn.edu
Izio,is.gd
Quimba,usgs.gov
Oba,sbwire.com
Digitube,mail.ru
Divanoodle,youku.com
Mydeo,4shared.com
Oyoba,bbb.org
Oyoloo,zdnet.com
Leexo,acquirethisname.com
Youfeed,zdnet.com
Mynte,statcounter.com
Oyoloo,csmonitor.com
Blogpad,ning.com
Plajo,webeden.co.uk
Quimba,about.me
Tagtune,gnu.org
Fivebridge,people.com.cn
Gabspot,pen.io
Jetpulse,seesaa.net
Brainverse,google.co.jp
Bubblebox,abc.net.au
Blogtag,cnbc.com
Abatz,tumblr.com
Photobean,cdbaby.com
Topiclounge,bing.com
Mydeo,netvibes.com
Thoughtstorm,digg.com
Twitterlist,nifty.com
Tambee,sbwire.com
Kamba,twitter.com
Skajo,hud.gov
Dabfeed,answers.com
Talane,economist.com
Youtags,godaddy.com
Jaxspan,linkedin.com
Meedoo,geocities.jp
Mudo,harvard.edu
Rhybox,about.com
Leexo,chronoengine.com
Omba,europa.eu
Zooxo,msn.com
Demimbu,businessinsider.com
Rhyzio,umn.edu
JumpXS,ifeng.com
Skiba,sciencedirect.com
Kwinu,uol.com.br
Skimia,merriam-webster.com
Kayveo,posterous.com
Jaloo,shareasale.com
Browsezoom,bing.com
Brainsphere,simplemachines.org
Realbuzz,wired.com
Oyope,skyrock.com
Tazzy,ning.com
Buzzbean,weather.com
Quinu,tinyurl.com
Ainyx,nymag.com
Oyoyo,youtu.be
Demivee,nhs.uk
Janyx,sciencedirect.com
Kazio,purevolume.com
Jabbersphere,t-online.de
Feednation,aol.com
Tazz,hugedomains.com
Yotz,ibm.com
Skyba,webmd.com
Blognation,google.it
Rhynoodle,admin.ch
Dabtype,weebly.com
Divape,google.ca
Devpulse,mit.edu
Jatri,myspace.com
Podcat,clickbank.net
Tagcat,columbia.edu
Youspan,shinystat.com
Trudeo,theatlantic.com
Livepath,umich.edu
Skinte,ocn.ne.jp
Podcat,msn.com
Thoughtworks,cafepress.com
Voonix,addthis.com
Mynte,1und1.de
Eamia,aboutads.info
Latz,sciencedirect.com
Flashspan,goo.ne.jp
Mydeo,livejournal.com
Yabox,icio.us
Vitz,webmd.com
Eare,ihg.com
Trilith,google.co.jp
Zoomdog,hatena.ne.jp
Thoughtstorm,weebly.com
Thoughtstorm,cargocollective.com
Gevee,csmonitor.com
Muxo,adobe.com
Nlounge,miitbeian.gov.cn
Rhynyx,prlog.org
Yambee,accuweather.com
Midel,boston.com
Avavee,photobucket.com
Centimia,java.com
Youspan,homestead.com
Dabtype,nsw.gov.au
Midel,newyorker.com
Oyoyo,4shared.com
Twitterlist,alibaba.com
Camido,hugedomains.com
Skyba,redcross.org
Skimia,rakuten.co.jp
Devshare,nps.gov
Eire,netvibes.com
Demivee,amazon.co.jp
Dabjam,multiply.com
Jamia,dell.com
Eimbee,wordpress.com
Brainlounge,msn.com
Blogpad,cornell.edu
Skipfire,google.es
Skinte,oracle.com
Jaxnation,patch.com
Trunyx,bbb.org
Voomm,cbsnews.com
Gigashots,dot.gov
Zoovu,abc.net.au
Browsecat,php.net
Gabcube,google.cn
Livetube,nationalgeographic.com
Aibox,wikispaces.com
Babbleset,xinhuanet.com
Wikivu,t-online.de
Skyndu,hubpages.com
Leenti,yolasite.com
Linktype,4shared.com
Mita,sakura.ne.jp
Roombo,tamu.edu
Aimbo,yellowpages.com
Avaveo,house.gov
Wordify,craigslist.org
Meetz,wsj.com
Skyble,mac.com
Tagchat,yale.edu
Trilith,vk.com
Abata,mapy.cz
Buzzdog,nytimes.com
Twiyo,unesco.org
Jabbersphere,google.pl
Camido,nifty.com
Talane,blogspot.com
Realbuzz,bbb.org
Yata,google.it
Divanoodle,timesonline.co.uk
Zoombeat,mapy.cz
Yodoo,ucoz.com
Tagchat,kickstarter.com
Tazz,mail.ru
Dablist,eepurl.com
Riffpath,163.com
Kazu,ucoz.com
Trilia,tinyurl.com
Voonyx,github.com
Kwilith,blog.com
Quinu,apache.org
Leenti,istockphoto.com
Edgewire,mediafire.com
Kwilith,photobucket.com
Plajo,hud.gov
Shuffledrive,si.edu
Pixonyx,skyrock.com
Topicware,statcounter.com
Gigabox,posterous.com
Thoughtmix,howstuffworks.com
Trudeo,theatlantic.com
Tagcat,nsw.gov.au
Viva,indiegogo.com
Muxo,hc360.com
Kwideo,themeforest.net
Skinix,bbb.org
Brightdog,cbslocal.com
Fivespan,yolasite.com
Roombo,hibu.com
Dynazzy,ezinearticles.com
Jayo,bloglines.com
Voolia,google.fr
Dabshots,spiegel.de
Ntags,newsvine.com
Geba,xrea.com
Gevee,apache.org
Quire,irs.gov
Trilith,newsvine.com
Podcat,nature.com
Zoombeat,1688.com
Dazzlesphere,joomla.org
Thoughtbridge,china.com.cn
Realcube,behance.net
Wikido,live.com
Devbug,so-net.ne.jp
Gigaclub,marketwatch.com
Dynava,cbsnews.com
Voonder,ning.com
Browseblab,msn.com
Tagcat,cpanel.net
Twiyo,google.co.jp
Thoughtbridge,noaa.gov
Tambee,skyrock.com
Wordtune,washington.edu
Janyx,youtu.be
Abatz,seesaa.net
Blogspan,prweb.com
Twitterwire,mozilla.com
Gigaclub,wix.com
Babbleopia,statcounter.com
Dynabox,infoseek.co.jp
Centidel,craigslist.org
Roombo,alexa.com
Tagfeed,bizjournals.com
Trudoo,themeforest.net
Blognation,php.net
Ntag,imageshack.us
Katz,wix.com
Yotz,mapy.cz
Buzzdog,angelfire.com
Wikizz,google.com.br
Divape,jiathis.com
Tekfly,dion.ne.jp
Nlounge,globo.com
Divape,discuz.net
Gabtune,ifeng.com
Flipstorm,cargocollective.com
Snaptags,time.com
Thoughtblab,i2i.jp
Voolith,google.pl
Mymm,ftc.gov
Bubbletube,thetimes.co.uk
Ntags,nationalgeographic.com
Izio,nhs.uk
Twinte,nbcnews.com
Gevee,webnode.com
Yamia,miitbeian.gov.cn
Camido,hugedomains.com
Eayo,wikia.com
Zoonder,vimeo.com
Zoozzy,bbc.co.uk
Rhycero,oracle.com
